commodity,total_return,avg_weekly_return,std_weekly_return,sharpe_ratio,win_rate,hit_ratio,max_drawdown,profit_factor,total_transaction_costs,avg_turnover,n_weeks
Brent,-0.08280095305460337,-0.00017286211493654148,0.004344518312986854,-0.28691936554888486,0.31941544885177453,0.6346555323590815,0.15855520878478807,0.8772067986817746,0.0216715420124,0.06463328962839249,479.0
Copper,-0.22896844074161893,-0.0004780134462246742,0.005567711571142783,-0.6191060613330439,0.35908141962421714,0.6096033402922756,0.2501072678489664,0.7219277763121001,0.021618245656,0.06447433837160751,479.0
Corn,-0.11256996959849876,-0.00022926674052647404,0.003728698060289044,-0.44338960964976626,0.3095723014256619,0.6252545824847251,0.1471299426152457,0.8151704405395723,0.018438473480000002,0.05364699877800407,491.0
Henry_Hub,-0.18966838114631268,-0.00039596739278979683,0.013116409466798842,-0.2176938348454653,0.3695198329853862,0.6116910229645094,0.3033260254092148,0.90495229079011,0.0240113347292,0.07161149635908143,479.0
Power,0.47354522389307596,0.0007120980810422195,0.10830240174396304,0.04741365109200546,0.2571428571428571,0.7473684210526316,1.1555494016689125,1.0327210568143816,0.01106931525,0.023779409774436086,665.0
