,PC1,PC2,PC3,PC4
temp_z,-0.00806375151971974,0.09707543081828017,-0.3056704142165858,0.9458763181878367
precip_z,-0.0012367378515631133,-0.013260774983212542,0.9501700526242918,0.30997396483789774
inv_delta_norm,-0.9010400046616956,0.4240951403430535,0.015919103819778527,-0.04197002101169059
prod_delta_norm,0.4274103300613966,0.8999795750562153,0.038264879880582296,-0.07660912347939751
utilization_norm,-0.07335370574807337,0.02409541444613299,0.04499833407929793,-0.04004611529341447
